id,indexed,name,website,submitted_by,discord,github,twitter,category,voters,description,token,token_ticker,votes,open-source
18,2022-04-19 07:22:42+00,PieDAO,piedao.org,0xBD417564D24b17D1818Bc56239759DBa83011221,http://discord.link/PieDAO,https://github.com/pie-dao,https://twitter.com/PieDAO_DeFi?s=20,finance,"[""0x21ec4481806aCeA7e798d09Ae9141bCA6cd0775a"",""0xc0984d54db628eb3697Ef1d1b9423E47352C0420""]","The best wealth creation strategies accessible to everyone, with no minimum",piedao-dough-v2,DOUGH,2,false
13,2022-04-13 05:48:17+00,Request,request.network,0xBD417564D24b17D1818Bc56239759DBa83011221,https://request.network/discord,,https://twitter.com/RequestNetwork,finance,"[""0x21ec4481806aCeA7e798d09Ae9141bCA6cd0775a"",""0xc0984d54db628eb3697Ef1d1b9423E47352C0420""]","From simple peer-to-peer payment requests to full business invoices. Request helps you to pay and get paid in crypto fast, simple & secure.",request-network,REQ,2,false
3,2022-04-03 11:48:57+00,Hifi Finance,hifi.finance,0xBD417564D24b17D1818Bc56239759DBa83011221,https://discord.com/invite/mhtSRz6,https://github.com/hifi-finance,https://twitter.com/HifiFinance,finance,"[""0xD157bc43016e1c245BD2AC92BBbd3F5445000001"",""0x21ec4481806aCeA7e798d09Ae9141bCA6cd0775a"",""0xc0984d54db628eb3697Ef1d1b9423E47352C0420""]","Hifi is a fixed-rate, fixed-term lending protocol built on the Ethereum blockchain.",mainframe,MFT,3,false
14,2022-04-13 05:51:43+00,Ondo Finance,ondo.finance,0xBD417564D24b17D1818Bc56239759DBa83011221,https://discord.gg/qNqhRGv76B,https://github.com/ondoprotocol,https://twitter.com/OndoFinance,finance,"[""0x21ec4481806aCeA7e798d09Ae9141bCA6cd0775a"",""0xc0984d54db628eb3697Ef1d1b9423E47352C0420""]","DeFi Yields, Your Terms. Ondo offers choice between downside protection and enhanced returns. ",,,2,false
11,2022-04-12 07:21:54+00,Poketto,poketto.cash,0xBD417564D24b17D1818Bc56239759DBa83011221,https://chat.donesunday.com/,https://github.com/pokettocash,https://twitter.com/pokettocash,infrastructure,"[""0x21ec4481806aCeA7e798d09Ae9141bCA6cd0775a"",""0xc0984d54db628eb3697Ef1d1b9423E47352C0420""]","Poketto is the simplest, most secure and near instant way to pay friends and your every day items. A wallet you can actually show your parents.",,,2,false
12,2022-04-13 05:45:15+00,Ren,renproject.io,0xBD417564D24b17D1818Bc56239759DBa83011221,https://discord.gg/ren,https://github.com/renproject,https://twitter.com/renprotocol,finance,"[""0x21ec4481806aCeA7e798d09Ae9141bCA6cd0775a"",""0xc0984d54db628eb3697Ef1d1b9423E47352C0420""]",Ren is an open and community-driven protocol that enables the movement of value between blockchains.,republic-protocol,REN,2,false
7,2022-04-09 12:50:58+00,Kava Network,kava.io,0xBD417564D24b17D1818Bc56239759DBa83011221,https://discord.com/invite/q6QuanE4bx,https://github.com/kava-labs,https://twitter.com/kava_platform,infrastructure,"[""0x21ec4481806aCeA7e798d09Ae9141bCA6cd0775a"",""0xc0984d54db628eb3697Ef1d1b9423E47352C0420""]","Kava is a lightning-fast Layer-1 blockchain that combines the two most used permissionless execution environments into a single, scalable, developer-optimized network.",kava,KAVA,2,false
17,2022-04-18 06:00:37+00,API3,api3.org,0xBD417564D24b17D1818Bc56239759DBa83011221,https://discord.com/invite/qnRrcfnm5W,https://github.com/api3dao,https://twitter.com/API3DAO,data,"[""0xD157bc43016e1c245BD2AC92BBbd3F5445000001"",""0x21ec4481806aCeA7e798d09Ae9141bCA6cd0775a"",""0xc0984d54db628eb3697Ef1d1b9423E47352C0420""]","First-party blockchain oracle. Web APIs for trustless apps. Decentrally governed, quantifiably secure data feeds.",api3,API3,3,false
4,2022-04-03 11:52:58+00,3Box Labs,3boxlabs.com,0xBD417564D24b17D1818Bc56239759DBa83011221,https://chat.3box.io/,,https://twitter.com/3boxlabs,infrastructure,"[""0x21ec4481806aCeA7e798d09Ae9141bCA6cd0775a"",""0xc0984d54db628eb3697Ef1d1b9423E47352C0420""]","3Box Labs is a Web3 studio that creates software to advance a more open, safe, and composable Web3. We're hiring!",,,2,false
10,2022-04-11 05:35:58+00,Spruce,spruceid.com,0xBD417564D24b17D1818Bc56239759DBa83011221,https://discord.com/invite/WjvuYqvm5Y,https://github.com/spruceid,https://twitter.com/spruceid,privacy,"[""0xD157bc43016e1c245BD2AC92BBbd3F5445000001"",""0x21ec4481806aCeA7e798d09Ae9141bCA6cd0775a"",""0xc0984d54db628eb3697Ef1d1b9423E47352C0420""]",Your keys your data.,,,3,false
20,2022-04-20 06:22:37+00,Backdrop,backdrop.so,0xBD417564D24b17D1818Bc56239759DBa83011221,,,https://twitter.com/withbackdrop,community,"[""0xD157bc43016e1c245BD2AC92BBbd3F5445000001"",""0x21ec4481806aCeA7e798d09Ae9141bCA6cd0775a"",""0xc0984d54db628eb3697Ef1d1b9423E47352C0420""]",Connecting Tokenized Communities. Dive into leading tokenized projects and DAOs across web3,,,3,false
19,2022-04-20 06:10:54+00,buildspace,buildspace.so,0xBD417564D24b17D1818Bc56239759DBa83011221,https://discord.gg/buildspace,,https://twitter.com/_buildspace,infrastructure,"[""0x21ec4481806aCeA7e798d09Ae9141bCA6cd0775a"",""0xc0984d54db628eb3697Ef1d1b9423E47352C0420""]","Home for the next generation of builders. Join over 80,000 builders crafting, building, and learning together.",,,2,false
15,2022-04-17 05:54:34+00,Lyra,lyra.finance,0xBD417564D24b17D1818Bc56239759DBa83011221,https://discord.gg/P49mj6UbmC,https://github.com/lyra-finance,https://twitter.com/lyrafinance,finance,"[""0x21ec4481806aCeA7e798d09Ae9141bCA6cd0775a"",""0xc0984d54db628eb3697Ef1d1b9423E47352C0420""]","Lyra is an options trading protocol accessing the scalability of Ethereum layer-2 to provide a robust, lightning-fast and reliable trading experience.",lyra-finance,LYRA,2,false
5,2022-04-04 12:00:59+00,Flexa,flexa.network,0xBD417564D24b17D1818Bc56239759DBa83011221,,,https://twitter.com/flexahq?lang=en,finance,"[""0x21ec4481806aCeA7e798d09Ae9141bCA6cd0775a"",""0xc0984d54db628eb3697Ef1d1b9423E47352C0420""]","The global leader in pure-digital payments. Flexa offers the fastest, most fraud-proof payments network in the world.",,,2,false
2,2022-04-01 06:00:30+00,DODO,dodoex.io,0xBD417564D24b17D1818Bc56239759DBa83011221,https://discord.com/invite/tyKReUK,https://github.com/DODOEX,https://twitter.com/BreederDodo,finance,"[""0x21ec4481806aCeA7e798d09Ae9141bCA6cd0775a"",""0xc0984d54db628eb3697Ef1d1b9423E47352C0420""]","DODO is an On-Chain Liquidity Provider for everyone.DODO Aims to be the Best Decentralize Exchange (DEX) Ranking based on trading volumes, market share of DeFi markets.",dodo,"DODO
",2,false
22,2022-04-21 06:31:55+00,Matcha,matcha.xyz,0xBD417564D24b17D1818Bc56239759DBa83011221,,,https://twitter.com/matchaxyz,finance,"[""0xD157bc43016e1c245BD2AC92BBbd3F5445000001"",""0x21ec4481806aCeA7e798d09Ae9141bCA6cd0775a""]","Matcha is your home for fast, secure crypto trading. Trade peer-to-peer, directly from your own wallet. Trade in seconds, no sign ups or registration required.",,,2,false
35,2022-04-26 07:04:07+00,Stake DAO,stakedao.org,0xBD417564D24b17D1818Bc56239759DBa83011221,https://discord.com/invite/stakedaohq,,https://twitter.com/StakeDAOHQ,finance,"[""0xD157bc43016e1c245BD2AC92BBbd3F5445000001"",""0x21ec4481806aCeA7e798d09Ae9141bCA6cd0775a"",""0xc0984d54db628eb3697Ef1d1b9423E47352C0420""]","Stake DAO is a non-custodial platform where you can do more with your money. Easily grow, track, and control your assets right from your wallet.",stake-dao,SDT,3,false
24,2022-04-22 06:37:20+00,Unslashed Finance,unslashed.finance,0xBD417564D24b17D1818Bc56239759DBa83011221,https://discord.com/invite/jQFxqTpbYC,,https://twitter.com/UnslashedF,finance,"[""0x21ec4481806aCeA7e798d09Ae9141bCA6cd0775a"",""0xc0984d54db628eb3697Ef1d1b9423E47352C0420""]",The best and easiest way to protect your crypto assets against hacks and other events.,unslashed-finance,USF,2,false
32,2022-04-25 06:56:34+00,Radicle Drips,drips.network,0xBD417564D24b17D1818Bc56239759DBa83011221,https://discord.gg/9HngY3wjWd,,,community,"[""0xD157bc43016e1c245BD2AC92BBbd3F5445000001"",""0x21ec4481806aCeA7e798d09Ae9141bCA6cd0775a"",""0xc0984d54db628eb3697Ef1d1b9423E47352C0420""]","An ðŸ’Ž Ethereum protocol for generating ðŸ“® recurring income, with subscriptions and NFT ðŸŽŸ memberships.",,,3,false
38,2022-05-05 10:49:26+00,Synthetix,synthetix.io,0xBD417564D24b17D1818Bc56239759DBa83011221,https://discord.com/invite/AEdUHzt,https://github.com/synthetixio,https://twitter.com/synthetix_io,finance,"[""0x21ec4481806aCeA7e798d09Ae9141bCA6cd0775a"",""0xc0984d54db628eb3697Ef1d1b9423E47352C0420""]","Synthetix is a derivatives liquidity protocol providing the backbone for derivatives trading in DeFi, allowing anyone, anywhere to gain on-chain exposure to a vast range of assets.",havven,SNX,1,false
27,2022-04-24 06:43:49+00,Golem Network,golem.network,0xBD417564D24b17D1818Bc56239759DBa83011221,https://chat.golem.network/,,https://twitter.com/golemproject,community,"[""0x21ec4481806aCeA7e798d09Ae9141bCA6cd0775a"",""0xc0984d54db628eb3697Ef1d1b9423E47352C0420""]",Golem is a decentralized marketplace for computing power. It consists of a network of nodes that implement the Golem network protocol.,golem,GLM,2,false
36,2022-04-26 07:06:39+00,0x,0x.org,0xBD417564D24b17D1818Bc56239759DBa83011221,https://discord.gg/d3FTX3M,https://github.com/0xProject,https://twitter.com/0xproject,finance,"[""0xD157bc43016e1c245BD2AC92BBbd3F5445000001"",""0x21ec4481806aCeA7e798d09Ae9141bCA6cd0775a"",""0xc0984d54db628eb3697Ef1d1b9423E47352C0420""]",Powering the decentralized exchange of tokens on Ethereum.,0x,ZRX,3,false
29,2022-04-24 06:49:26+00,Plasma Finance,plasma.finance,0xBD417564D24b17D1818Bc56239759DBa83011221,,,,finance,"[""0x21ec4481806aCeA7e798d09Ae9141bCA6cd0775a"",""0xc0984d54db628eb3697Ef1d1b9423E47352C0420""]","DeFi dashboard aggregates the most popular DeFi protocols in one place. We aim to simplify and democratize the DeFi market and lower the barriers to entry. Supported protocols and DEXes: AAVE, Uniswap (UNI), yearn.finance (YFI), Compound (COMP), Synthetix (SNX), Ren Protocol, Balancer (BAL), SushiSwap (SUSHI), Cream Finance, Ampleforth (AMPL), Bancor, Mooniswap, PanCake, DeFi Swap.",plasma-finance,PPAY,2,false
25,2022-04-23 06:39:21+00,TrueFI,truefi.io,0xBD417564D24b17D1818Bc56239759DBa83011221,https://discord.gg/Yx7J4jZ,,https://twitter.com/trusttoken,finance,"[""0x21ec4481806aCeA7e798d09Ae9141bCA6cd0775a"",""0xc0984d54db628eb3697Ef1d1b9423E47352C0420""]","TrueFi is a DeFi protocol for transparent and stable, high return lending, with no collateral requirements for creditworthy borrowers.",truefi,TRU,2,false
26,2022-04-24 07:23:54+00,Superfluid,superfluid.finance,0xBD417564D24b17D1818Bc56239759DBa83011221,https://discord.gg/XsK7nahanQ,https://github.com/superfluid-finance,https://twitter.com/Superfluid_HQ,finance,"[""0x21ec4481806aCeA7e798d09Ae9141bCA6cd0775a"",""0xc0984d54db628eb3697Ef1d1b9423E47352C0420""]","Discover Programmable Cashflows. Handle subscriptions, salaries, rewards and any composable stream of value, with continuous settlement and per-second netting for extreme capital efficiency.",,,2,false
40,2022-05-05 11:02:43+00,Mirror,mirror.xyz,0xBD417564D24b17D1818Bc56239759DBa83011221,https://discord.gg/qMTZ4cZgRQ,https://github.com/mirror-xyz,https://twitter.com/viamirror,community,"[""0x4d8118d17FA1f71DeBE2bDDA55a4a8bA3D000002"",""0xD157bc43016e1c245BD2AC92BBbd3F5445000001"",""0xf5C2aB892C9f7e52350Eb3871EE3e70428000003"",""0xc0984d54db628eb3697Ef1d1b9423E47352C0420""]",Mirror: Create and connect your world on web3,,,5,false
1,2022-04-01 06:23:11+00,Solana,solana.com,0xBD417564D24b17D1818Bc56239759DBa83011221,https://discordapp.com/invite/pquxPsq,https://github.com/solana-labs/,https://twitter.com/solana,infrastructure,"[""0x21ec4481806aCeA7e798d09Ae9141bCA6cd0775a"",""0xc0984d54db628eb3697Ef1d1b9423E47352C0420""]",Solana is a high-performance blockchain supporting builders around the world creating crypto apps that scale today.,solana,SOL,2,false
28,2022-04-24 06:47:11+00,Figment,figment.io,0xBD417564D24b17D1818Bc56239759DBa83011221,,,https://twitter.com/Figment_io,finance,"[""0x21ec4481806aCeA7e798d09Ae9141bCA6cd0775a"",""0xc0984d54db628eb3697Ef1d1b9423E47352C0420""]","Figment: Staking, middleware, and application layer solutions for investors and developers investing in and building on Web 3 technology.",,,3,false
23,2022-04-21 06:34:09+00,Betoken,betoken.fund,0xBD417564D24b17D1818Bc56239759DBa83011221,,https://github.com/Betoken/,https://twitter.com/betokenfund,finance,"[""0x21ec4481806aCeA7e798d09Ae9141bCA6cd0775a"",""0xc0984d54db628eb3697Ef1d1b9423E47352C0420""]",Betoken is an open source protocol for crypto assets management connecting capital and talent,,,2,false
33,2022-04-26 07:24:17+00,Rabbithole,rabbithole.gg,0xBD417564D24b17D1818Bc56239759DBa83011221,https://discord.gg/q9Pp4ZKFGy,,https://twitter.com/rabbithole_gg,community,"[""0x21ec4481806aCeA7e798d09Ae9141bCA6cd0775a"",""0xc0984d54db628eb3697Ef1d1b9423E47352C0420""]",Earn crypto through discovering and using the latest crypto applications,,,2,false
34,2022-04-26 07:02:04+00,stargate,stargate.finance,0xBD417564D24b17D1818Bc56239759DBa83011221,https://stargate.finance/discord,,https://twitter.com/StargateFinance,finance,"[""0x21ec4481806aCeA7e798d09Ae9141bCA6cd0775a"",""0xc0984d54db628eb3697Ef1d1b9423E47352C0420""]",A fully composable native asset bridge with unified liquidity and instant guaranteed finality built on top of LayerZero,stargate-finance,STG,2,false
44,2022-05-10 01:37:34+00,zkSync,zksync.io,"
0xBD417564D24b17D1818Bc56239759DBa83011221",https://discord.com/invite/px2aR7w,https://github.com/matter-labs/zksync,https://twitter.com/zksync,infrastructure,"[""0xc0984d54db628eb3697Ef1d1b9423E47352C0420""]",zkSync is a ZK rollup solving Ethereum scalability with zero security compromises.,,,1,false
16,2022-04-18 05:57:50+00,Premia,premia.finance,0xBD417564D24b17D1818Bc56239759DBa83011221,https://discord.gg/premia,https://github.com/Premian-Labs,https://twitter.com/PremiaFinance,finance,"[""0x21ec4481806aCeA7e798d09Ae9141bCA6cd0775a"",""0xc0984d54db628eb3697Ef1d1b9423E47352C0420""]","Premia's automated options market enables best-in-class pricing based on realtime supply and demand, providing fully-featured peer-to-pool trading and capital efficiency to DeFi options.",premia,PREMIA,2,false
43,2022-05-08 01:31:47+00,Parallel Finance,parallel.fi,0xBD417564D24b17D1818Bc56239759DBa83011221,https://discord.gg/buKKx4dySW,https://github.com/parallel-finance,https://twitter.com/ParallelFi,finance,[],The Highest Capital Efficiency in the Polkadot Ecosystem.,,,0,false
53,2022-06-08 15:51:16+00,Bitski,bitski.com,0xBD417564D24b17D1818Bc56239759DBa83011221,https://discord.gg/bitski,,https://twitter.com/bitski,community,[],"Create, sell, and own NFTs with Bitski",,,,false
39,2022-05-05 10:59:53+00,dYdX,dydx.exchange,0xBD417564D24b17D1818Bc56239759DBa83011221,https://discord.gg/Tuze6tY,https://github.com/dydxprotocol,https://twitter.com/dydx,finance,"[""0x21ec4481806aCeA7e798d09Ae9141bCA6cd0775a"",""0x4d8118d17FA1f71DeBE2bDDA55a4a8bA3D000002"",""0xc0984d54db628eb3697Ef1d1b9423E47352C0420""]","Trade Perpetuals on the most powerful open trading platform, backed by @a16z, @polychain, and Three Arrows Capital. ",dydx,DYDX,3,false
42,2022-05-07 01:30:52+00,Basement App,basementapp.xyz,0xBD417564D24b17D1818Bc56239759DBa83011221,,,https://twitter.com/basementapp_xyz,infrastructure,"[""0xc0984d54db628eb3697Ef1d1b9423E47352C0420""]",Keep track of your favorite peopleâ€™s NFTs.,,,1,false
21,2022-04-20 06:29:27+00,Cubo,cubo.money,0xBD417564D24b17D1818Bc56239759DBa83011221,https://discord.gg/X2w5xNbxD5,,https://twitter.com/cubo_money,finance,"[""0x21ec4481806aCeA7e798d09Ae9141bCA6cd0775a"",""0xc0984d54db628eb3697Ef1d1b9423E47352C0420""]",A node protocol that owns its liquidity and automatically adjusts its supply in order to maintain a stable yield. Stable passive income.,cubo,CUBO,2,false
6,2022-04-06 12:46:17+00,"Inverse Finance
",inverse.finance,0xBD417564D24b17D1818Bc56239759DBa83011221,https://discord.com/invite/InverseFinance,https://github.com/InverseFinance,https://twitter.com/InverseFinance,finance,"[""0x21ec4481806aCeA7e798d09Ae9141bCA6cd0775a"",""0xc0984d54db628eb3697Ef1d1b9423E47352C0420""]","Inverse Finance is an Open Source Protocol for Lending and Borrowing assets. Earn interest by supplying WBTC, ETH, stETH, YFI and other assets, borrow ETH, WBTC, YFI or DOLA our over-collaterized stablecoin. Buy INV and join our DAO to vote for the future of Inverse Finance.",dola-usd,DOLA,2,false
30,2022-04-25 06:51:54+00,Clipper DEX,clipper.exchange,0xBD417564D24b17D1818Bc56239759DBa83011221,https://discord.gg/6Y2jexyVBZ,https://github.com/shipyard-software,https://twitter.com/Clipper_DEX,finance,"[""0x21ec4481806aCeA7e798d09Ae9141bCA6cd0775a"",""0xc0984d54db628eb3697Ef1d1b9423E47352C0420""]",Clipper is the decentralized exchange (DEX) built to give the self-made crypto trader the best possible prices on small trades (< $10k). Sail through DeFiâ€™s stormy seas with Clipper as your guide.,,,2,false
45,2022-06-01 14:53:30+00,Manor DAO,manordao.com,0xBD417564D24b17D1818Bc56239759DBa83011221,,,,community,[],"Manor DAO is a modern tale of luck, grit, know-how, and the magic that arises when an assortment of eccentric characters come together to own a goddamn manor.",,,,false
37,2022-05-05 10:41:15+00,Zapper,zapper.fi,"0xBD417564D24b17D1818Bc56239759DBa83011221
",https://zapper.fi/discord,https://github.com/Zapper-fi,https://twitter.com/zapper_fi,infrastructure,"[""0x21ec4481806aCeA7e798d09Ae9141bCA6cd0775a"",""0x4d8118d17FA1f71DeBE2bDDA55a4a8bA3D000002"",""0xD157bc43016e1c245BD2AC92BBbd3F5445000001"",""0xf5C2aB892C9f7e52350Eb3871EE3e70428000003"",""0xc0984d54db628eb3697Ef1d1b9423E47352C0420""]",A simple dashboard for web3. Easily track and visualize all your DeFi assets and liabilities in one simple interface.,,,6,false
8,2022-04-09 12:57:13+00,Mover,viamover.com,0xBD417564D24b17D1818Bc56239759DBa83011221,https://discord.gg/DbH9cb7,https://github.com/viaMover,https://twitter.com/viaMover,finance,"[""0xD157bc43016e1c245BD2AC92BBbd3F5445000001"",""0x21ec4481806aCeA7e798d09Ae9141bCA6cd0775a"",""0xc0984d54db628eb3697Ef1d1b9423E47352C0420""]",Your gateway to DeFi and web3 savings - Mover.,holyheld-2,MOVE,3,false
9,2022-04-11 05:30:33+00,LayerZero,layerzero.network,0xBD417564D24b17D1818Bc56239759DBa83011221,https://discord-layerzero.netlify.app/discord,,https://twitter.com/LayerZero_Labs,infrastructure,"[""0xD157bc43016e1c245BD2AC92BBbd3F5445000001"",""0x21ec4481806aCeA7e798d09Ae9141bCA6cd0775a"",""0xc0984d54db628eb3697Ef1d1b9423E47352C0420""]","LayerZero is an omnichain interoperability protocol that allows dApps to build across multiple blockchains in a trustless, efficient manner.",,,3,false
31,2022-04-25 06:54:33+00,Token Terminal,tokenterminal.com,0xBD417564D24b17D1818Bc56239759DBa83011221,https://discord.gg/tokenterminal,,https://twitter.com/tokenterminal,data,"[""0x21ec4481806aCeA7e798d09Ae9141bCA6cd0775a"",""0xc0984d54db628eb3697Ef1d1b9423E47352C0420"",""0xF4CFD4e654B920A0A36B2AC4Ff9F0B0a05d79373""]",Token Terminal is a platform that makes institutional-grade crypto asset data freely available for all,,,3,false
46,2022-06-01 15:01:26+00,Porter Finance,porter.finance,0xBD417564D24b17D1818Bc56239759DBa83011221,https://discord.gg/porter,https://github.com/porter-finance,https://twitter.com/porterfinance_,finance,[],Porter enables creditworthy DAOs to obtain fixed-rate financing using their project tokens as collateral.,,,,false
47,2022-06-02 15:07:10+00,Aurora+,aurora.plus,0xBD417564D24b17D1818Bc56239759DBa83011221,,,,finance,[],"Aurora+ is a membership program for users of Aurora, that provides a suite of valuable benefits such as free transactions and the ability to earn multiple...",,,,false
41,2022-05-06 01:23:55+00,"Perpetual Protocol ",app.perp.com,0xBD417564D24b17D1818Bc56239759DBa83011221,https://discord.com/invite/Dq9mTmCaBb,https://github.com/perpetual-protocol,https://twitter.com/perpprotocol,finance,"[""0xD157bc43016e1c245BD2AC92BBbd3F5445000001"",""0xc0984d54db628eb3697Ef1d1b9423E47352C0420""]",Perpetual Protocol is an on-chain perpetual futures DEX with deep liquidity and builder-ready composability.,perpetual-protocol,PERP,2,false
48,2022-06-03 15:11:08+00,Phantom,phantom.app,0xBD417564D24b17D1818Bc56239759DBa83011221,,,https://twitter.com/phantom,infrastructure,[],A crypto wallet reimagined for DeFi & NFTs,,,,false
49,2022-06-04 15:14:16+00,Iron Fish,ironfish.network,0xBD417564D24b17D1818Bc56239759DBa83011221,http://reddit.com/r/ironfish,https://github.com/iron-fish,https://twitter.com/ironfishcrypto,privacy,[],Enable the free flow of assets through accessible and private cryptocurrency.,,,,false
50,2022-06-05 15:17:39+00,Dapper Labs,dapperlabs.com,0xBD417564D24b17D1818Bc56239759DBa83011221,,,https://twitter.com/dapperlabs,infrastructure,[],Dapper Labs uses the power of play to deliver blockchain-based experiences that are made for you and ready for the real world.,,,,false
51,2022-06-06 15:20:18+00,Alchemy,alchemy.com,0xBD417564D24b17D1818Bc56239759DBa83011221,https://alchemy.com/discord,,https://twitter.com/AlchemyPlatform,infrastructure,[],"Whether you're a beginner developer, startup, web3 market leader, or a large enterprise, Alchemy makes multichain web3 development easy with reliable and...",,,,false
52,2022-06-07 15:24:09+00,Aleo,aleo.org,0xBD417564D24b17D1818Bc56239759DBa83011221,https://discord.gg/aleohq,https://github.com/AleoHQ,https://twitter.com/AleoHQ,privacy,[],Where Applications Become Private. Modular and compliant. The ultimate toolkit for building private applications is finally here. Developer tooling made just for you.,,,,false
54,2022-06-09 15:32:59+00,Uniswap,uniswap.org,0xBD417564D24b17D1818Bc56239759DBa83011221,https://discord.gg/FCfyBSbCU5,https://github.com/Uniswap,https://twitter.com/Uniswap,finance,[],"Swap, earn, and build on the leading decentralized crypto trading protocol.",uniswap,UNI,,false
55,2022-06-10 15:36:14+00,Ethereum,ethereum.org,0xBD417564D24b17D1818Bc56239759DBa83011221,https://discord.gg/CetY6Y4,https://github.com/ethereum,https://twitter.com/ethdotorg,infrastructure,"[""0xBD417564D24b17D1818Bc56239759DBa83011221""]","Ethereum is a global, decentralized platform for money and new kinds of applications. On Ethereum, you can write code that controls money, and build...
",ethereum,ETH,2,false